[{"date":"1981","obesite":"5.3","surpoids":"23.15","obesite15_24":"0","obesite25_34":"0","obesite35_44":"0","obesite45_54":"0","obesite55_64":"0","obesite65":"0","surpoids15_24":"0","surpoids25_34":"0","surpoids35_44":"0","surpoids45_54":"0","surpoids55_64":"0","surpoids65":"0"},{"date":"1992","obesite":"5.85","surpoids":"24.4","obesite15_24":"0","obesite25_34":"0","obesite35_44":"0","obesite45_54":"0","obesite55_64":"0","obesite65":"0","surpoids15_24":"0","surpoids25_34":"0","surpoids35_44":"0","surpoids45_54":"0","surpoids55_64":"0","surpoids65":"0"},{"date":"1997","obesite":"8.2","surpoids":"28.5","obesite15_24":"1.75","obesite25_34":"5.45","obesite35_44":"7.75","obesite45_54":"10.75","obesite55_64":"13.3","obesite65":"11.4","surpoids15_24":"8","surpoids25_34":"20.9","surpoids35_44":"27.3","surpoids45_54":"34.7","surpoids55_64":"43.15","surpoids65":"41.35"},{"date":"2000","obesite":"5.39","surpoids":"29.4","obesite15_24":"2","obesite25_34":"6.9","obesite35_44":"8.35","obesite45_54":"12.65","obesite55_64":"15.45","obesite65":"13.6","surpoids15_24":"9.25","surpoids25_34":"22.85","surpoids35_44":"28.9","surpoids45_54":"33.8","surpoids55_64":"41.65","surpoids65":"42.05"},{"date":"2003","obesite":"8.61","surpoids":"30.3","obesite15_24":"2.25","obesite25_34":"8.3","obesite35_44":"11.55","obesite45_54":"14.35","obesite55_64":"16.1","obesite65":"15.4","surpoids15_24":"9.7","surpoids25_34":"24.1","surpoids35_44":"29.1","surpoids45_54":"35.8","surpoids55_64":"39.95","surpoids65":"42.85"},{"date":"2006","obesite":"12.4","surpoids":"29.2","obesite15_24":"2.95","obesite25_34":"8.7","obesite35_44":"13.1","obesite45_54":"14.85","obesite55_64":"18.3","obesite65":"16.55","surpoids15_24":"8.45","surpoids25_34":"24.15","surpoids35_44":"28.3","surpoids45_54":"34.45","surpoids55_64":"38.85","surpoids65":"41.35"},{"date":"2008","obesite":"12.2","surpoids":"31.4","obesite15_24":"3.55","obesite25_34":"8.1","obesite35_44":"10.7","obesite45_54":"13.6","obesite55_64":"16.7","obesite65":"18.6","surpoids15_24":"14.1","surpoids25_34":"24.85","surpoids35_44":"29.85","surpoids45_54":"35.85","surpoids55_64":"40.3","surpoids65":"40.15"},{"date":"2009","obesite":"14.5","surpoids":"31.9","obesite15_24":"4","obesite25_34":"10.25","obesite35_44":"13.75","obesite45_54":"16","obesite55_64":"19.75","obesite65":"18","surpoids15_24":"12.75","surpoids25_34":"25.5","surpoids35_44":"30.25","surpoids45_54":"34.5","surpoids55_64":"38.5","surpoids65":"42"},{"date":"2012","obesite":"15","surpoids":"32.3","obesite15_24":"5.5","obesite25_34":"11","obesite35_44":"14.5","obesite45_54":"16.5","obesite55_64":"19.5","obesite65":"18.5","surpoids15_24":"13","surpoids25_34":"26","surpoids35_44":"29.5","surpoids45_54":"35","surpoids55_64":"38.5","surpoids65":"42"},{"date":"2014","obesite":"15.3","surpoids":"31.9","obesite15_24":"6.65","obesite25_34":"9.3","obesite35_44":"13.05","obesite45_54":"15.7","obesite55_64":"20.55","obesite65":"20.65","surpoids15_24":"15.15","surpoids25_34":"26.25","surpoids35_44":"29.9","surpoids45_54":"35.4","surpoids55_64":"36.4","surpoids65":"39.8"},{"date":"2016","obesite":"15.3","surpoids":"33.2","obesite15_24":"0","obesite25_34":"0","obesite35_44":"0","obesite45_54":"0","obesite55_64":"0","obesite65":"0","surpoids15_24":"0","surpoids25_34":"0","surpoids35_44":"0","surpoids45_54":"0","surpoids55_64":"0","surpoids65":"0"}]